id;username;password;phone;age;name;gender;location;email;role
1;hoick meh heating;excellent wilderness;1-343-940-4726 x97098;1159;alert;rudely plugin;victoriously suffice flame;Kaleb_Koss48@hotmail.com;lest
2;overconfidently;form concentration punctually;1-652-227-5611 x0283;7158;outnumber exotic oh;close bitterly king;tousle wherever around;Jonathan32@hotmail.com;aw
3;surprise as slimy;fathom opposite;718.709.7311 x927;25550;incidentally next sun;sheathe yahoo;if traditionalism;Nathanael67@hotmail.com;regarding gee once
4;uh-huh kookily meanwhile;abaft unless beneath;446-899-8758 x532;15823;given;circa;when;Aiyana_Heller@gmail.com;browse amongst
5;till;reference;617.322.1925 x36064;24793;behind barring;toward restfully;lest like;Alphonso.Blanda@gmail.com;jovially fray
6;sunbathe;while;798-488-0919 x479;28812;regularly;instead till;huzzah;Brennon14@hotmail.com;consequently yowza bad
7;suspension;meh cardboard;1-844-375-0930 x46774;7200;quick dim;lightly before;yuck instead gloat;Shyann_Flatley@hotmail.com;friendly
8;unique outside furthermore;incidentally;1-978-515-0629 x31897;700;skeleton;demonstrate sock disapprove;who coliseum;Alessia.Kreiger97@hotmail.com;compromise punctually
9;as;however;1-868-869-3282;12944;pfft upbeat reboot;avalanche before;incidentally wilderness to;Mario.Hahn-Romaguera@yahoo.com;familiarize
10;above;whenever instead;(985) 694-2986;5748;now notarize;hateful sate huzzah;lest furthermore squirm;Pietro_Greenholt30@yahoo.com;sesame
